{"cameraMode":{"drawMode":0,"name":"Shaded","section":"Shading Mode"},"sceneLighting":false,"audioPlay":false,"sceneViewState":{"showFog":true,"showMaterialUpdate":false,"showSkybox":true,"showFlares":true,"showImageEffects":true,"showParticleSystems":true},"in2DMode":false,"pivot":{"x":4.842843055725098,"y":1.440000057220459,"z":13.84000015258789},"rotation":{"x":0.05323927849531174,"y":-0.42311152815818789,"z":0.02491305209696293,"w":0.9041690230369568},"size":2.8578836917877199,"orthographic":false}