{"cameraMode":{"drawMode":0,"name":"Shaded","section":"Shading Mode"},"sceneLighting":false,"audioPlay":false,"sceneViewState":{"showFog":true,"showMaterialUpdate":false,"showSkybox":true,"showFlares":true,"showImageEffects":true,"showParticleSystems":true},"in2DMode":false,"pivot":{"x":-0.3434809446334839,"y":-0.20876073837280274,"z":0.2771834135055542},"rotation":{"x":-0.06777095049619675,"y":0.919233500957489,"z":-0.34255462884902956,"w":-0.18186047673225404},"size":2.8578836917877199,"orthographic":false}