{"cameraMode":{"drawMode":0,"name":"Shaded","section":"Shading Mode"},"sceneLighting":false,"audioPlay":false,"sceneViewState":{"showFog":true,"showMaterialUpdate":false,"showSkybox":true,"showFlares":true,"showImageEffects":true,"showParticleSystems":true},"in2DMode":false,"pivot":{"x":4.842843055725098,"y":1.440000057220459,"z":13.84000015258789},"rotation":{"x":0.18597671389579774,"y":-0.7276015281677246,"z":0.21697856485843659,"w":0.6236417293548584},"size":6.061490535736084,"orthographic":false}