{"cameraMode":{"drawMode":0,"name":"Shaded","section":"Shading Mode"},"sceneLighting":false,"audioPlay":false,"sceneViewState":{"showFog":true,"showMaterialUpdate":false,"showSkybox":true,"showFlares":true,"showImageEffects":true,"showParticleSystems":true},"in2DMode":false,"pivot":{"x":4.842843055725098,"y":1.440000057220459,"z":13.84000015258789},"rotation":{"x":-0.004570982418954372,"y":-0.9933863282203674,"z":0.10651487857103348,"w":-0.04263000935316086},"size":5.7157673835754398,"orthographic":false}